<?xml version="1.0" encoding="UTF-8"?>
<!DOCTYPE mapper PUBLIC "-//mybatis.org//DTD Mapper 3.0//EN" "http://mybatis.org/dtd/mybatis-3-mapper.dtd">

<mapper namespace="com.smhrd.mapper.MemberMapper">
	
	<!-- 회원가입 -->
	<insert id="join" parameterType="MemberDTO">
		insert into MV_member values(#{id}, #{pw}, #{email}, #{mbti})
	</insert>
	
	<!-- 로그인 -->
	<select id="login" parameterType="MemberDTO" resultType="MemberDTO">
		select * from MV_member where id=#{id} and pw=#{pw}
	</select>
	
	<!-- 회원정보 수정 -->
	<update id="update" parameterType="MemberDTO">
		update MV_member set pw=#{pw}, email=#{email}, mbti=#{mbti} where id=#{id}
	</update>
	
	<!-- 아이디 중복체크 -->
	<select id="idCheck" parameterType="String" resultType="String">
		select id from MV_member where id=#{check_id}
	</select>


</mapper>